{
  "nodes":[
    {"name":"Terabyte","group":1},
    {"name":"Google_DeepMind","group":1},
    {"name":"Watson","group":1},
    {"name":"List_of_artificial_intelligence_projects","group":1},
    {"name":"IBM","group":1},
    {"name":"Brad_Rutter","group":1},
    {"name":"TOP500","group":1},
    {"name":"Thomas_Watson,_Jr.","group":1},
    {"name":"Ginni_Rometty","group":1},
    {"name":"Artificial_intelligence","group":1},
    {"name":"Thomas_J._Watson","group":1},
    {"name":"Timeline_of_electrical_and_electronic_engineering","group":1},
    {"name":"Computer_performance_by_orders_of_magnitude","group":1},
    {"name":"Hawthorne,_New_York","group":1},
    {"name":"Actavis","group":1},
    {"name":"Wii_U","group":1},
    {"name":"Watson_(computer)","group":1},
    {"name":"Apple_Inc.","group":1},
    {"name":"Outline_of_natural_language_processing","group":1},
    {"name":"Deep_learning","group":1},
    {"name":"Deep_Blue_(chess_computer)","group":1},
    {"name":"List_of_Jeopardy!_tournaments_and_events","group":1},
    {"name":"Molecular_Structure_of_Nucleic_Acids:_A_Structure_for_Deoxyribose_Nucleic_Acid","group":1},
    {"name":"Thomas_J._Watson_Research_Center","group":1},
    {"name":"Humans_Need_Not_Apply","group":1},
    {"name":"IBM_Research","group":1},
    {"name":"Benoit_Mandelbrot","group":1},
    {"name":"POWER7","group":1},
    {"name":"Blue_Gene","group":1},
    {"name":"IBM_Rochester","group":1},
    {"name":"\"Weird_Al\"_Yankovic","group":1},
    {"name":"James_Watson","group":1},
    {"name":"History_of_artificial_intelligence","group":1},
    {"name":"Wolfram_Alpha","group":1},
    {"name":"Ken_Jennings","group":1},
    {"name":"Jeopardy!","group":1},
    {"name":"A.S._Watson_Group","group":1},
    {"name":"Watson_(surname)","group":1},
    {"name":"Yorktown_Heights,_New_York","group":1},
    {"name":"Eero_Saarinen","group":1},
    {"name":"Prolog","group":1},
    {"name":"History_of_IBM","group":1},
    {"name":"Dr._Watson","group":1},
    {"name":"John_B._Watson","group":1}
  ],
  "links":[
    {"source":3,"target":16,"value":11},
    {"source":40,"target":16,"value":9},
    {"source":28,"target":23,"value":2},
    {"source":2,"target":31,"value":6},
    {"source":2,"target":43,"value":5},
    {"source":2,"target":23,"value":2},
    {"source":2,"target":22,"value":1},
    {"source":2,"target":42,"value":9},
    {"source":2,"target":36,"value":3},
    {"source":23,"target":10,"value":4},
    {"source":23,"target":39,"value":4},
    {"source":23,"target":28,"value":3},
    {"source":23,"target":25,"value":6},
    {"source":23,"target":29,"value":2},
    {"source":23,"target":6,"value":2},
    {"source":23,"target":16,"value":5},
    {"source":41,"target":16,"value":6},
    {"source":33,"target":16,"value":12},
    {"source":12,"target":16,"value":3},
    {"source":21,"target":16,"value":3},
    {"source":11,"target":16,"value":3},
    {"source":4,"target":23,"value":12},
    {"source":4,"target":16,"value":100},
    {"source":9,"target":16,"value":10},
    {"source":0,"target":16,"value":16},
    {"source":20,"target":16,"value":23},
    {"source":28,"target":16,"value":10},
    {"source":34,"target":16,"value":77},
    {"source":2,"target":37,"value":16},
    {"source":2,"target":14,"value":4},
    {"source":2,"target":16,"value":36},
    {"source":23,"target":26,"value":1},
    {"source":23,"target":13,"value":2},
    {"source":23,"target":38,"value":4},
    {"source":23,"target":7,"value":2},
    {"source":27,"target":16,"value":4},
    {"source":5,"target":16,"value":22},
    {"source":32,"target":16,"value":4},
    {"source":41,"target":10,"value":6},
    {"source":35,"target":30,"value":1},
    {"source":35,"target":16,"value":4},
    {"source":15,"target":16,"value":4},
    {"source":19,"target":16,"value":16},
    {"source":8,"target":10,"value":2},
    {"source":8,"target":16,"value":6},
    {"source":18,"target":16,"value":5},
    {"source":4,"target":17,"value":12},
    {"source":4,"target":10,"value":91},
    {"source":4,"target":7,"value":8},
    {"source":1,"target":16,"value":7},
    {"source":24,"target":16,"value":3}
  ]
}